﻿<?xml version="1.0" encoding="utf-8"?>
<SettingsStimulator Version="6">
    <StimulusID>1</StimulusID>
    <StimulatorProtocol>Step</StimulatorProtocol>
    <OutputMode>Voltage</OutputMode>
    <OutputRestriction>None</OutputRestriction>
    <Tick>20</Tick>
    <Range>12000000</Range>
    <Resolution>571</Resolution>
    <AmplitudeFactor>0</AmplitudeFactor>
    <Offset>0</Offset>
    <Loop>False</Loop>
    <MarkerPortID>-1</MarkerPortID>
    <ArtefactSuppression>DedicatedAndBlanking</ArtefactSuppression>
    <StartMode>DacqStart</StartMode>
    <TriggerPortID>0</TriggerPortID>
    <FeedbackPortID>0</FeedbackPortID>
    <RetriggerAction>Ignore</RetriggerAction>
    <ExternalStimulationElectrodeEnabled>false</ExternalStimulationElectrodeEnabled>
    <Primitives Count="22">
        <Constant>
            <Base Version="3">
                <Core Version="1">
                    <ID>d87258e4-6462-463f-b3db-0f141463b12a</ID>
                    <PrimitiveType>Constant</PrimitiveType>
                </Core>
                <Tick>20</Tick>
                <Range>12000000</Range>
                <Resolution>571</Resolution>
                <Cycles>1</Cycles>
                <ISI>0</ISI>
                <MarkerSignal>False</MarkerSignal>
                <MarkerSignalRepeat>True</MarkerSignalRepeat>
                <MarkerSignalOffset>0</MarkerSignalOffset>
                <MarkerSignalDuration>100</MarkerSignalDuration>
            </Base>
            <Amplitude>0</Amplitude>
            <Duration>100000</Duration>
        </Constant>
        <BiPhasicPulse>
            <Base Version="3">
                <Core Version="1">
                    <ID>76b1b7d1-9ec6-4155-b00a-a28894300004</ID>
                    <PrimitiveType>BiPhasicPulse</PrimitiveType>
                </Core>
                <Tick>20</Tick>
                <Range>12000000</Range>
                <Resolution>571</Resolution>
                <Cycles>3</Cycles>
                <ISI>10000000</ISI>
                <MarkerSignal>True</MarkerSignal>
                <MarkerSignalRepeat>True</MarkerSignalRepeat>
                <MarkerSignalOffset>0</MarkerSignalOffset>
                <MarkerSignalDuration>100</MarkerSignalDuration>
            </Base>
            <AmplitudePulse1>-500000</AmplitudePulse1>
            <DurationPulse1>100</DurationPulse1>
            <DurationPause>0</DurationPause>
            <AmplitudePulse2>500000</AmplitudePulse2>
            <DurationPulse2>100</DurationPulse2>
            <DeltaAmplitudePulse1>0</DeltaAmplitudePulse1>
            <DeltaDurationPulse1>0</DeltaDurationPulse1>
            <DeltaDurationPause>0</DeltaDurationPause>
            <DeltaAmplitudePulse2>0</DeltaAmplitudePulse2>
            <DeltaDurationPulse2>0</DeltaDurationPulse2>
        </BiPhasicPulse>
        <Constant>
            <Base Version="3">
                <Core Version="1">
                    <ID>e0869422-1c5f-4e66-a10d-9def3a8ecc29</ID>
                    <PrimitiveType>Constant</PrimitiveType>
                </Core>
                <Tick>20</Tick>
                <Range>12000000</Range>
                <Resolution>571</Resolution>
                <Cycles>1</Cycles>
                <ISI>0</ISI>
                <MarkerSignal>False</MarkerSignal>
                <MarkerSignalRepeat>False</MarkerSignalRepeat>
                <MarkerSignalOffset>0</MarkerSignalOffset>
                <MarkerSignalDuration>100</MarkerSignalDuration>
            </Base>
            <Amplitude>0</Amplitude>
            <Duration>10000000</Duration>
        </Constant>
        <BiPhasicPulse>
            <Base Version="3">
                <Core Version="1">
                    <ID>1719024b-617b-448d-9499-dfdd3c12bd00</ID>
                    <PrimitiveType>BiPhasicPulse</PrimitiveType>
                </Core>
                <Tick>20</Tick>
                <Range>12000000</Range>
                <Resolution>571</Resolution>
                <Cycles>3</Cycles>
                <ISI>10000000</ISI>
                <MarkerSignal>True</MarkerSignal>
                <MarkerSignalRepeat>True</MarkerSignalRepeat>
                <MarkerSignalOffset>0</MarkerSignalOffset>
                <MarkerSignalDuration>100</MarkerSignalDuration>
            </Base>
            <AmplitudePulse1>-750000</AmplitudePulse1>
            <DurationPulse1>100</DurationPulse1>
            <DurationPause>0</DurationPause>
            <AmplitudePulse2>750000</AmplitudePulse2>
            <DurationPulse2>100</DurationPulse2>
            <DeltaAmplitudePulse1>0</DeltaAmplitudePulse1>
            <DeltaDurationPulse1>0</DeltaDurationPulse1>
            <DeltaDurationPause>0</DeltaDurationPause>
            <DeltaAmplitudePulse2>0</DeltaAmplitudePulse2>
            <DeltaDurationPulse2>0</DeltaDurationPulse2>
        </BiPhasicPulse>
        <Constant>
            <Base Version="3">
                <Core Version="1">
                    <ID>ff7a971a-9884-46e7-a4a3-3cc8355b4d79</ID>
                    <PrimitiveType>Constant</PrimitiveType>
                </Core>
                <Tick>20</Tick>
                <Range>12000000</Range>
                <Resolution>571</Resolution>
                <Cycles>1</Cycles>
                <ISI>0</ISI>
                <MarkerSignal>False</MarkerSignal>
                <MarkerSignalRepeat>False</MarkerSignalRepeat>
                <MarkerSignalOffset>0</MarkerSignalOffset>
                <MarkerSignalDuration>100</MarkerSignalDuration>
            </Base>
            <Amplitude>0</Amplitude>
            <Duration>10000000</Duration>
        </Constant>
        <BiPhasicPulse>
            <Base Version="3">
                <Core Version="1">
                    <ID>7c408cad-16d6-4940-b661-6dfb14ad6c38</ID>
                    <PrimitiveType>BiPhasicPulse</PrimitiveType>
                </Core>
                <Tick>20</Tick>
                <Range>12000000</Range>
                <Resolution>571</Resolution>
                <Cycles>3</Cycles>
                <ISI>10000000</ISI>
                <MarkerSignal>True</MarkerSignal>
                <MarkerSignalRepeat>True</MarkerSignalRepeat>
                <MarkerSignalOffset>0</MarkerSignalOffset>
                <MarkerSignalDuration>100</MarkerSignalDuration>
            </Base>
            <AmplitudePulse1>-1000000</AmplitudePulse1>
            <DurationPulse1>100</DurationPulse1>
            <DurationPause>0</DurationPause>
            <AmplitudePulse2>1000000</AmplitudePulse2>
            <DurationPulse2>100</DurationPulse2>
            <DeltaAmplitudePulse1>0</DeltaAmplitudePulse1>
            <DeltaDurationPulse1>0</DeltaDurationPulse1>
            <DeltaDurationPause>0</DeltaDurationPause>
            <DeltaAmplitudePulse2>0</DeltaAmplitudePulse2>
            <DeltaDurationPulse2>0</DeltaDurationPulse2>
        </BiPhasicPulse>
        <Constant>
            <Base Version="3">
                <Core Version="1">
                    <ID>c48bda01-5dd1-45e9-bdcf-6b0dd4c2ed80</ID>
                    <PrimitiveType>Constant</PrimitiveType>
                </Core>
                <Tick>20</Tick>
                <Range>12000000</Range>
                <Resolution>571</Resolution>
                <Cycles>1</Cycles>
                <ISI>0</ISI>
                <MarkerSignal>False</MarkerSignal>
                <MarkerSignalRepeat>False</MarkerSignalRepeat>
                <MarkerSignalOffset>0</MarkerSignalOffset>
                <MarkerSignalDuration>100</MarkerSignalDuration>
            </Base>
            <Amplitude>0</Amplitude>
            <Duration>10000000</Duration>
        </Constant>
        <BiPhasicPulse>
            <Base Version="3">
                <Core Version="1">
                    <ID>13446a35-e7e9-4faa-84c1-65670a7f454c</ID>
                    <PrimitiveType>BiPhasicPulse</PrimitiveType>
                </Core>
                <Tick>20</Tick>
                <Range>12000000</Range>
                <Resolution>571</Resolution>
                <Cycles>3</Cycles>
                <ISI>10000000</ISI>
                <MarkerSignal>True</MarkerSignal>
                <MarkerSignalRepeat>True</MarkerSignalRepeat>
                <MarkerSignalOffset>0</MarkerSignalOffset>
                <MarkerSignalDuration>100</MarkerSignalDuration>
            </Base>
            <AmplitudePulse1>-1250000</AmplitudePulse1>
            <DurationPulse1>100</DurationPulse1>
            <DurationPause>0</DurationPause>
            <AmplitudePulse2>1250000</AmplitudePulse2>
            <DurationPulse2>100</DurationPulse2>
            <DeltaAmplitudePulse1>0</DeltaAmplitudePulse1>
            <DeltaDurationPulse1>0</DeltaDurationPulse1>
            <DeltaDurationPause>0</DeltaDurationPause>
            <DeltaAmplitudePulse2>0</DeltaAmplitudePulse2>
            <DeltaDurationPulse2>0</DeltaDurationPulse2>
        </BiPhasicPulse>
        <Constant>
            <Base Version="3">
                <Core Version="1">
                    <ID>612432b2-f11a-46a5-b27d-e0bf23c1c19c</ID>
                    <PrimitiveType>Constant</PrimitiveType>
                </Core>
                <Tick>20</Tick>
                <Range>12000000</Range>
                <Resolution>571</Resolution>
                <Cycles>1</Cycles>
                <ISI>0</ISI>
                <MarkerSignal>False</MarkerSignal>
                <MarkerSignalRepeat>False</MarkerSignalRepeat>
                <MarkerSignalOffset>0</MarkerSignalOffset>
                <MarkerSignalDuration>100</MarkerSignalDuration>
            </Base>
            <Amplitude>0</Amplitude>
            <Duration>10000000</Duration>
        </Constant>
        <BiPhasicPulse>
            <Base Version="3">
                <Core Version="1">
                    <ID>cd6a5748-e116-4731-a7b4-943ba8f506b4</ID>
                    <PrimitiveType>BiPhasicPulse</PrimitiveType>
                </Core>
                <Tick>20</Tick>
                <Range>12000000</Range>
                <Resolution>571</Resolution>
                <Cycles>3</Cycles>
                <ISI>10000000</ISI>
                <MarkerSignal>True</MarkerSignal>
                <MarkerSignalRepeat>True</MarkerSignalRepeat>
                <MarkerSignalOffset>0</MarkerSignalOffset>
                <MarkerSignalDuration>100</MarkerSignalDuration>
            </Base>
            <AmplitudePulse1>-1500000</AmplitudePulse1>
            <DurationPulse1>100</DurationPulse1>
            <DurationPause>0</DurationPause>
            <AmplitudePulse2>1500000</AmplitudePulse2>
            <DurationPulse2>100</DurationPulse2>
            <DeltaAmplitudePulse1>0</DeltaAmplitudePulse1>
            <DeltaDurationPulse1>0</DeltaDurationPulse1>
            <DeltaDurationPause>0</DeltaDurationPause>
            <DeltaAmplitudePulse2>0</DeltaAmplitudePulse2>
            <DeltaDurationPulse2>0</DeltaDurationPulse2>
        </BiPhasicPulse>
        <Constant>
            <Base Version="3">
                <Core Version="1">
                    <ID>c3662d29-92cf-4280-a6c6-1e7b36b2ea77</ID>
                    <PrimitiveType>Constant</PrimitiveType>
                </Core>
                <Tick>20</Tick>
                <Range>12000000</Range>
                <Resolution>571</Resolution>
                <Cycles>1</Cycles>
                <ISI>0</ISI>
                <MarkerSignal>False</MarkerSignal>
                <MarkerSignalRepeat>False</MarkerSignalRepeat>
                <MarkerSignalOffset>0</MarkerSignalOffset>
                <MarkerSignalDuration>100</MarkerSignalDuration>
            </Base>
            <Amplitude>0</Amplitude>
            <Duration>10000000</Duration>
        </Constant>
        <BiPhasicPulse>
            <Base Version="3">
                <Core Version="1">
                    <ID>77343b5b-8be2-4a95-8a2b-93d3f7d542f8</ID>
                    <PrimitiveType>BiPhasicPulse</PrimitiveType>
                </Core>
                <Tick>20</Tick>
                <Range>12000000</Range>
                <Resolution>571</Resolution>
                <Cycles>4</Cycles>
                <ISI>10000000</ISI>
                <MarkerSignal>True</MarkerSignal>
                <MarkerSignalRepeat>True</MarkerSignalRepeat>
                <MarkerSignalOffset>0</MarkerSignalOffset>
                <MarkerSignalDuration>100</MarkerSignalDuration>
            </Base>
            <AmplitudePulse1>-1750000</AmplitudePulse1>
            <DurationPulse1>100</DurationPulse1>
            <DurationPause>0</DurationPause>
            <AmplitudePulse2>1750000</AmplitudePulse2>
            <DurationPulse2>100</DurationPulse2>
            <DeltaAmplitudePulse1>0</DeltaAmplitudePulse1>
            <DeltaDurationPulse1>0</DeltaDurationPulse1>
            <DeltaDurationPause>0</DeltaDurationPause>
            <DeltaAmplitudePulse2>0</DeltaAmplitudePulse2>
            <DeltaDurationPulse2>0</DeltaDurationPulse2>
        </BiPhasicPulse>
        <Constant>
            <Base Version="3">
                <Core Version="1">
                    <ID>d5faf73c-2cb8-4e66-bb23-0f8b7834072b</ID>
                    <PrimitiveType>Constant</PrimitiveType>
                </Core>
                <Tick>20</Tick>
                <Range>12000000</Range>
                <Resolution>571</Resolution>
                <Cycles>1</Cycles>
                <ISI>0</ISI>
                <MarkerSignal>False</MarkerSignal>
                <MarkerSignalRepeat>False</MarkerSignalRepeat>
                <MarkerSignalOffset>0</MarkerSignalOffset>
                <MarkerSignalDuration>100</MarkerSignalDuration>
            </Base>
            <Amplitude>0</Amplitude>
            <Duration>10000000</Duration>
        </Constant>
        <BiPhasicPulse>
            <Base Version="3">
                <Core Version="1">
                    <ID>7534378a-cf22-453f-9d71-910ea5091eb3</ID>
                    <PrimitiveType>BiPhasicPulse</PrimitiveType>
                </Core>
                <Tick>20</Tick>
                <Range>12000000</Range>
                <Resolution>571</Resolution>
                <Cycles>3</Cycles>
                <ISI>10000000</ISI>
                <MarkerSignal>True</MarkerSignal>
                <MarkerSignalRepeat>True</MarkerSignalRepeat>
                <MarkerSignalOffset>0</MarkerSignalOffset>
                <MarkerSignalDuration>100</MarkerSignalDuration>
            </Base>
            <AmplitudePulse1>-2000000</AmplitudePulse1>
            <DurationPulse1>100</DurationPulse1>
            <DurationPause>0</DurationPause>
            <AmplitudePulse2>2000000</AmplitudePulse2>
            <DurationPulse2>100</DurationPulse2>
            <DeltaAmplitudePulse1>0</DeltaAmplitudePulse1>
            <DeltaDurationPulse1>0</DeltaDurationPulse1>
            <DeltaDurationPause>0</DeltaDurationPause>
            <DeltaAmplitudePulse2>0</DeltaAmplitudePulse2>
            <DeltaDurationPulse2>0</DeltaDurationPulse2>
        </BiPhasicPulse>
        <Constant>
            <Base Version="3">
                <Core Version="1">
                    <ID>4a13bed0-062e-4929-9c7e-4c3d6512e6b0</ID>
                    <PrimitiveType>Constant</PrimitiveType>
                </Core>
                <Tick>20</Tick>
                <Range>12000000</Range>
                <Resolution>571</Resolution>
                <Cycles>1</Cycles>
                <ISI>0</ISI>
                <MarkerSignal>False</MarkerSignal>
                <MarkerSignalRepeat>False</MarkerSignalRepeat>
                <MarkerSignalOffset>0</MarkerSignalOffset>
                <MarkerSignalDuration>100</MarkerSignalDuration>
            </Base>
            <Amplitude>0</Amplitude>
            <Duration>10000000</Duration>
        </Constant>
        <BiPhasicPulse>
            <Base Version="3">
                <Core Version="1">
                    <ID>e81c30f9-ef28-4171-a0b6-7e0d9b75ae0b</ID>
                    <PrimitiveType>BiPhasicPulse</PrimitiveType>
                </Core>
                <Tick>20</Tick>
                <Range>12000000</Range>
                <Resolution>571</Resolution>
                <Cycles>3</Cycles>
                <ISI>10000000</ISI>
                <MarkerSignal>True</MarkerSignal>
                <MarkerSignalRepeat>True</MarkerSignalRepeat>
                <MarkerSignalOffset>0</MarkerSignalOffset>
                <MarkerSignalDuration>100</MarkerSignalDuration>
            </Base>
            <AmplitudePulse1>-2250000</AmplitudePulse1>
            <DurationPulse1>100</DurationPulse1>
            <DurationPause>0</DurationPause>
            <AmplitudePulse2>2250000</AmplitudePulse2>
            <DurationPulse2>100</DurationPulse2>
            <DeltaAmplitudePulse1>0</DeltaAmplitudePulse1>
            <DeltaDurationPulse1>0</DeltaDurationPulse1>
            <DeltaDurationPause>0</DeltaDurationPause>
            <DeltaAmplitudePulse2>0</DeltaAmplitudePulse2>
            <DeltaDurationPulse2>0</DeltaDurationPulse2>
        </BiPhasicPulse>
        <Constant>
            <Base Version="3">
                <Core Version="1">
                    <ID>1bd02b84-73c9-4d3f-9790-963cf6c88927</ID>
                    <PrimitiveType>Constant</PrimitiveType>
                </Core>
                <Tick>20</Tick>
                <Range>12000000</Range>
                <Resolution>571</Resolution>
                <Cycles>1</Cycles>
                <ISI>0</ISI>
                <MarkerSignal>False</MarkerSignal>
                <MarkerSignalRepeat>False</MarkerSignalRepeat>
                <MarkerSignalOffset>0</MarkerSignalOffset>
                <MarkerSignalDuration>100</MarkerSignalDuration>
            </Base>
            <Amplitude>0</Amplitude>
            <Duration>10000000</Duration>
        </Constant>
        <BiPhasicPulse>
            <Base Version="3">
                <Core Version="1">
                    <ID>e6dc22b5-cab0-4a74-9981-7fd842ae9a07</ID>
                    <PrimitiveType>BiPhasicPulse</PrimitiveType>
                </Core>
                <Tick>20</Tick>
                <Range>12000000</Range>
                <Resolution>571</Resolution>
                <Cycles>3</Cycles>
                <ISI>10000000</ISI>
                <MarkerSignal>True</MarkerSignal>
                <MarkerSignalRepeat>True</MarkerSignalRepeat>
                <MarkerSignalOffset>0</MarkerSignalOffset>
                <MarkerSignalDuration>100</MarkerSignalDuration>
            </Base>
            <AmplitudePulse1>-2500000</AmplitudePulse1>
            <DurationPulse1>100</DurationPulse1>
            <DurationPause>0</DurationPause>
            <AmplitudePulse2>2500000</AmplitudePulse2>
            <DurationPulse2>100</DurationPulse2>
            <DeltaAmplitudePulse1>0</DeltaAmplitudePulse1>
            <DeltaDurationPulse1>0</DeltaDurationPulse1>
            <DeltaDurationPause>0</DeltaDurationPause>
            <DeltaAmplitudePulse2>0</DeltaAmplitudePulse2>
            <DeltaDurationPulse2>0</DeltaDurationPulse2>
        </BiPhasicPulse>
        <Constant>
            <Base Version="3">
                <Core Version="1">
                    <ID>23613053-e4b9-4a06-9d91-7e7d7aa5b8aa</ID>
                    <PrimitiveType>Constant</PrimitiveType>
                </Core>
                <Tick>20</Tick>
                <Range>12000000</Range>
                <Resolution>571</Resolution>
                <Cycles>1</Cycles>
                <ISI>0</ISI>
                <MarkerSignal>False</MarkerSignal>
                <MarkerSignalRepeat>False</MarkerSignalRepeat>
                <MarkerSignalOffset>0</MarkerSignalOffset>
                <MarkerSignalDuration>100</MarkerSignalDuration>
            </Base>
            <Amplitude>0</Amplitude>
            <Duration>10000000</Duration>
        </Constant>
        <BiPhasicPulse>
            <Base Version="3">
                <Core Version="1">
                    <ID>7944164b-6e01-40e2-b8b2-e5331c807783</ID>
                    <PrimitiveType>BiPhasicPulse</PrimitiveType>
                </Core>
                <Tick>20</Tick>
                <Range>12000000</Range>
                <Resolution>571</Resolution>
                <Cycles>3</Cycles>
                <ISI>10000000</ISI>
                <MarkerSignal>True</MarkerSignal>
                <MarkerSignalRepeat>True</MarkerSignalRepeat>
                <MarkerSignalOffset>0</MarkerSignalOffset>
                <MarkerSignalDuration>100</MarkerSignalDuration>
            </Base>
            <AmplitudePulse1>-2750000</AmplitudePulse1>
            <DurationPulse1>100</DurationPulse1>
            <DurationPause>0</DurationPause>
            <AmplitudePulse2>2750000</AmplitudePulse2>
            <DurationPulse2>100</DurationPulse2>
            <DeltaAmplitudePulse1>0</DeltaAmplitudePulse1>
            <DeltaDurationPulse1>0</DeltaDurationPulse1>
            <DeltaDurationPause>0</DeltaDurationPause>
            <DeltaAmplitudePulse2>0</DeltaAmplitudePulse2>
            <DeltaDurationPulse2>0</DeltaDurationPulse2>
        </BiPhasicPulse>
        <Constant>
            <Base Version="3">
                <Core Version="1">
                    <ID>2ea57b14-e5c8-470b-a297-a7955c223f0a</ID>
                    <PrimitiveType>Constant</PrimitiveType>
                </Core>
                <Tick>20</Tick>
                <Range>12000000</Range>
                <Resolution>571</Resolution>
                <Cycles>1</Cycles>
                <ISI>0</ISI>
                <MarkerSignal>False</MarkerSignal>
                <MarkerSignalRepeat>False</MarkerSignalRepeat>
                <MarkerSignalOffset>0</MarkerSignalOffset>
                <MarkerSignalDuration>100</MarkerSignalDuration>
            </Base>
            <Amplitude>0</Amplitude>
            <Duration>10000000</Duration>
        </Constant>
        <BiPhasicPulse>
            <Base Version="3">
                <Core Version="1">
                    <ID>9ef0c1bb-926e-4e10-ab60-d05875ec718d</ID>
                    <PrimitiveType>BiPhasicPulse</PrimitiveType>
                </Core>
                <Tick>20</Tick>
                <Range>12000000</Range>
                <Resolution>571</Resolution>
                <Cycles>3</Cycles>
                <ISI>10000000</ISI>
                <MarkerSignal>True</MarkerSignal>
                <MarkerSignalRepeat>True</MarkerSignalRepeat>
                <MarkerSignalOffset>0</MarkerSignalOffset>
                <MarkerSignalDuration>100</MarkerSignalDuration>
            </Base>
            <AmplitudePulse1>-3000000</AmplitudePulse1>
            <DurationPulse1>100</DurationPulse1>
            <DurationPause>0</DurationPause>
            <AmplitudePulse2>3000000</AmplitudePulse2>
            <DurationPulse2>100</DurationPulse2>
            <DeltaAmplitudePulse1>0</DeltaAmplitudePulse1>
            <DeltaDurationPulse1>0</DeltaDurationPulse1>
            <DeltaDurationPause>0</DeltaDurationPause>
            <DeltaAmplitudePulse2>0</DeltaAmplitudePulse2>
            <DeltaDurationPulse2>0</DeltaDurationPulse2>
        </BiPhasicPulse>
    </Primitives>
</SettingsStimulator>