﻿<?xml version="1.0" encoding="utf-8"?>
<SettingsStimulator Version="6">
    <StimulusID>1</StimulusID>
    <StimulatorProtocol>Step</StimulatorProtocol>
    <OutputMode>Voltage</OutputMode>
    <OutputRestriction>None</OutputRestriction>
    <Tick>20</Tick>
    <Range>12000000</Range>
    <Resolution>571</Resolution>
    <AmplitudeFactor>0</AmplitudeFactor>
    <Offset>0</Offset>
    <Loop>False</Loop>
    <MarkerPortID>-1</MarkerPortID>
    <ArtefactSuppression>DedicatedAndBlanking</ArtefactSuppression>
    <StartMode>DacqStart</StartMode>
    <TriggerPortID>0</TriggerPortID>
    <FeedbackPortID>0</FeedbackPortID>
    <RetriggerAction>Gate</RetriggerAction>
    <ExternalStimulationElectrodeEnabled>false</ExternalStimulationElectrodeEnabled>
    <Primitives Count="16">
        <Loop>
            <Core Version="1">
                <ID>f00a20a9-e33f-440d-8df0-b13037e4447b</ID>
                <PrimitiveType>Loop</PrimitiveType>
            </Core>
            <CounterPartID>d025ade2-d939-44e4-abec-2e2bb4d059c9</CounterPartID>
            <ElementType>Start</ElementType>
            <Cycles>30</Cycles>
        </Loop>
        <BiPhasicPulse>
            <Base Version="3">
                <Core Version="1">
                    <ID>c7382e0f-e8cf-4214-9a54-c225ccd056dc</ID>
                    <PrimitiveType>BiPhasicPulse</PrimitiveType>
                </Core>
                <Tick>20</Tick>
                <Range>12000000</Range>
                <Resolution>571</Resolution>
                <Cycles>1</Cycles>
                <ISI>0</ISI>
                <MarkerSignal>True</MarkerSignal>
                <MarkerSignalRepeat>True</MarkerSignalRepeat>
                <MarkerSignalOffset>0</MarkerSignalOffset>
                <MarkerSignalDuration>100</MarkerSignalDuration>
            </Base>
            <AmplitudePulse1>-1000000</AmplitudePulse1>
            <DurationPulse1>100</DurationPulse1>
            <DurationPause>0</DurationPause>
            <AmplitudePulse2>1000000</AmplitudePulse2>
            <DurationPulse2>100</DurationPulse2>
            <DeltaAmplitudePulse1>0</DeltaAmplitudePulse1>
            <DeltaDurationPulse1>0</DeltaDurationPulse1>
            <DeltaDurationPause>0</DeltaDurationPause>
            <DeltaAmplitudePulse2>0</DeltaAmplitudePulse2>
            <DeltaDurationPulse2>0</DeltaDurationPulse2>
        </BiPhasicPulse>
        <Constant>
            <Base Version="3">
                <Core Version="1">
                    <ID>05052e8d-4885-45c6-98d9-0dbf97a61538</ID>
                    <PrimitiveType>Constant</PrimitiveType>
                </Core>
                <Tick>20</Tick>
                <Range>12000000</Range>
                <Resolution>571</Resolution>
                <Cycles>1</Cycles>
                <ISI>0</ISI>
                <MarkerSignal>False</MarkerSignal>
                <MarkerSignalRepeat>False</MarkerSignalRepeat>
                <MarkerSignalOffset>0</MarkerSignalOffset>
                <MarkerSignalDuration>100</MarkerSignalDuration>
            </Base>
            <Amplitude>0</Amplitude>
            <Duration>60000000</Duration>
        </Constant>
        <Loop>
            <Core Version="1">
                <ID>d025ade2-d939-44e4-abec-2e2bb4d059c9</ID>
                <PrimitiveType>Loop</PrimitiveType>
            </Core>
            <CounterPartID>f00a20a9-e33f-440d-8df0-b13037e4447b</CounterPartID>
            <ElementType>End</ElementType>
            <Cycles>30</Cycles>
        </Loop>
        <BiPhasicPulse>
            <Base Version="3">
                <Core Version="1">
                    <ID>a6b2e658-8e89-4c3a-be28-f25f7a440cc4</ID>
                    <PrimitiveType>BiPhasicPulse</PrimitiveType>
                </Core>
                <Tick>20</Tick>
                <Range>12000000</Range>
                <Resolution>571</Resolution>
                <Cycles>100</Cycles>
                <ISI>10000</ISI>
                <MarkerSignal>True</MarkerSignal>
                <MarkerSignalRepeat>False</MarkerSignalRepeat>
                <MarkerSignalOffset>0</MarkerSignalOffset>
                <MarkerSignalDuration>100</MarkerSignalDuration>
            </Base>
            <AmplitudePulse1>-1000000</AmplitudePulse1>
            <DurationPulse1>100</DurationPulse1>
            <DurationPause>0</DurationPause>
            <AmplitudePulse2>1000000</AmplitudePulse2>
            <DurationPulse2>100</DurationPulse2>
            <DeltaAmplitudePulse1>0</DeltaAmplitudePulse1>
            <DeltaDurationPulse1>0</DeltaDurationPulse1>
            <DeltaDurationPause>0</DeltaDurationPause>
            <DeltaAmplitudePulse2>0</DeltaAmplitudePulse2>
            <DeltaDurationPulse2>0</DeltaDurationPulse2>
        </BiPhasicPulse>
        <Constant>
            <Base Version="3">
                <Core Version="1">
                    <ID>ea21e38f-4bbc-4247-bc7c-ec072b05843a</ID>
                    <PrimitiveType>Constant</PrimitiveType>
                </Core>
                <Tick>20</Tick>
                <Range>12000000</Range>
                <Resolution>571</Resolution>
                <Cycles>1</Cycles>
                <ISI>0</ISI>
                <MarkerSignal>False</MarkerSignal>
                <MarkerSignalRepeat>False</MarkerSignalRepeat>
                <MarkerSignalOffset>0</MarkerSignalOffset>
                <MarkerSignalDuration>100</MarkerSignalDuration>
            </Base>
            <Amplitude>0</Amplitude>
            <Duration>600000000</Duration>
        </Constant>
        <BiPhasicPulse>
            <Base Version="3">
                <Core Version="1">
                    <ID>4d93fc0e-c7dd-4a47-b466-ff0f7357a722</ID>
                    <PrimitiveType>BiPhasicPulse</PrimitiveType>
                </Core>
                <Tick>20</Tick>
                <Range>12000000</Range>
                <Resolution>571</Resolution>
                <Cycles>100</Cycles>
                <ISI>10000</ISI>
                <MarkerSignal>True</MarkerSignal>
                <MarkerSignalRepeat>False</MarkerSignalRepeat>
                <MarkerSignalOffset>0</MarkerSignalOffset>
                <MarkerSignalDuration>100</MarkerSignalDuration>
            </Base>
            <AmplitudePulse1>-1000000</AmplitudePulse1>
            <DurationPulse1>100</DurationPulse1>
            <DurationPause>0</DurationPause>
            <AmplitudePulse2>1000000</AmplitudePulse2>
            <DurationPulse2>100</DurationPulse2>
            <DeltaAmplitudePulse1>0</DeltaAmplitudePulse1>
            <DeltaDurationPulse1>0</DeltaDurationPulse1>
            <DeltaDurationPause>0</DeltaDurationPause>
            <DeltaAmplitudePulse2>0</DeltaAmplitudePulse2>
            <DeltaDurationPulse2>0</DeltaDurationPulse2>
        </BiPhasicPulse>
        <Constant>
            <Base Version="3">
                <Core Version="1">
                    <ID>b4f7dc71-f3c1-431f-ac52-011330586c71</ID>
                    <PrimitiveType>Constant</PrimitiveType>
                </Core>
                <Tick>20</Tick>
                <Range>12000000</Range>
                <Resolution>571</Resolution>
                <Cycles>1</Cycles>
                <ISI>0</ISI>
                <MarkerSignal>False</MarkerSignal>
                <MarkerSignalRepeat>False</MarkerSignalRepeat>
                <MarkerSignalOffset>0</MarkerSignalOffset>
                <MarkerSignalDuration>100</MarkerSignalDuration>
            </Base>
            <Amplitude>0</Amplitude>
            <Duration>600000000</Duration>
        </Constant>
        <BiPhasicPulse>
            <Base Version="3">
                <Core Version="1">
                    <ID>0c31bae9-f421-47d5-b188-9566409c097c</ID>
                    <PrimitiveType>BiPhasicPulse</PrimitiveType>
                </Core>
                <Tick>20</Tick>
                <Range>12000000</Range>
                <Resolution>571</Resolution>
                <Cycles>100</Cycles>
                <ISI>10000</ISI>
                <MarkerSignal>True</MarkerSignal>
                <MarkerSignalRepeat>False</MarkerSignalRepeat>
                <MarkerSignalOffset>0</MarkerSignalOffset>
                <MarkerSignalDuration>100</MarkerSignalDuration>
            </Base>
            <AmplitudePulse1>-1000000</AmplitudePulse1>
            <DurationPulse1>100</DurationPulse1>
            <DurationPause>0</DurationPause>
            <AmplitudePulse2>1000000</AmplitudePulse2>
            <DurationPulse2>100</DurationPulse2>
            <DeltaAmplitudePulse1>0</DeltaAmplitudePulse1>
            <DeltaDurationPulse1>0</DeltaDurationPulse1>
            <DeltaDurationPause>0</DeltaDurationPause>
            <DeltaAmplitudePulse2>0</DeltaAmplitudePulse2>
            <DeltaDurationPulse2>0</DeltaDurationPulse2>
        </BiPhasicPulse>
        <Constant>
            <Base Version="3">
                <Core Version="1">
                    <ID>a51f1d54-0726-469e-b277-1ce0bdd9fab5</ID>
                    <PrimitiveType>Constant</PrimitiveType>
                </Core>
                <Tick>20</Tick>
                <Range>12000000</Range>
                <Resolution>571</Resolution>
                <Cycles>1</Cycles>
                <ISI>0</ISI>
                <MarkerSignal>False</MarkerSignal>
                <MarkerSignalRepeat>False</MarkerSignalRepeat>
                <MarkerSignalOffset>0</MarkerSignalOffset>
                <MarkerSignalDuration>100</MarkerSignalDuration>
            </Base>
            <Amplitude>0</Amplitude>
            <Duration>600000000</Duration>
        </Constant>
        <BiPhasicPulse>
            <Base Version="3">
                <Core Version="1">
                    <ID>42da205a-82ac-4c5e-9ae3-877e3bb38ffd</ID>
                    <PrimitiveType>BiPhasicPulse</PrimitiveType>
                </Core>
                <Tick>20</Tick>
                <Range>12000000</Range>
                <Resolution>571</Resolution>
                <Cycles>100</Cycles>
                <ISI>10000</ISI>
                <MarkerSignal>True</MarkerSignal>
                <MarkerSignalRepeat>False</MarkerSignalRepeat>
                <MarkerSignalOffset>0</MarkerSignalOffset>
                <MarkerSignalDuration>100</MarkerSignalDuration>
            </Base>
            <AmplitudePulse1>-1000000</AmplitudePulse1>
            <DurationPulse1>100</DurationPulse1>
            <DurationPause>0</DurationPause>
            <AmplitudePulse2>1000000</AmplitudePulse2>
            <DurationPulse2>100</DurationPulse2>
            <DeltaAmplitudePulse1>0</DeltaAmplitudePulse1>
            <DeltaDurationPulse1>0</DeltaDurationPulse1>
            <DeltaDurationPause>0</DeltaDurationPause>
            <DeltaAmplitudePulse2>0</DeltaAmplitudePulse2>
            <DeltaDurationPulse2>0</DeltaDurationPulse2>
        </BiPhasicPulse>
        <Constant>
            <Base Version="3">
                <Core Version="1">
                    <ID>f84aeb5b-e493-44a5-a143-f2e9aa3a4f10</ID>
                    <PrimitiveType>Constant</PrimitiveType>
                </Core>
                <Tick>20</Tick>
                <Range>12000000</Range>
                <Resolution>571</Resolution>
                <Cycles>1</Cycles>
                <ISI>0</ISI>
                <MarkerSignal>False</MarkerSignal>
                <MarkerSignalRepeat>False</MarkerSignalRepeat>
                <MarkerSignalOffset>0</MarkerSignalOffset>
                <MarkerSignalDuration>100</MarkerSignalDuration>
            </Base>
            <Amplitude>0</Amplitude>
            <Duration>5000000</Duration>
        </Constant>
        <Loop>
            <Core Version="1">
                <ID>a9e62ba3-4464-4b84-a21d-4b17aafad16d</ID>
                <PrimitiveType>Loop</PrimitiveType>
            </Core>
            <CounterPartID>86746ea0-825c-4abc-8032-0880bfc66b2e</CounterPartID>
            <ElementType>Start</ElementType>
            <Cycles>240</Cycles>
        </Loop>
        <BiPhasicPulse>
            <Base Version="3">
                <Core Version="1">
                    <ID>f80aa639-5844-4cd3-9268-b94125fb5206</ID>
                    <PrimitiveType>BiPhasicPulse</PrimitiveType>
                </Core>
                <Tick>20</Tick>
                <Range>12000000</Range>
                <Resolution>571</Resolution>
                <Cycles>1</Cycles>
                <ISI>10000</ISI>
                <MarkerSignal>True</MarkerSignal>
                <MarkerSignalRepeat>True</MarkerSignalRepeat>
                <MarkerSignalOffset>0</MarkerSignalOffset>
                <MarkerSignalDuration>100</MarkerSignalDuration>
            </Base>
            <AmplitudePulse1>-1000000</AmplitudePulse1>
            <DurationPulse1>100</DurationPulse1>
            <DurationPause>0</DurationPause>
            <AmplitudePulse2>1000000</AmplitudePulse2>
            <DurationPulse2>100</DurationPulse2>
            <DeltaAmplitudePulse1>0</DeltaAmplitudePulse1>
            <DeltaDurationPulse1>0</DeltaDurationPulse1>
            <DeltaDurationPause>0</DeltaDurationPause>
            <DeltaAmplitudePulse2>0</DeltaAmplitudePulse2>
            <DeltaDurationPulse2>0</DeltaDurationPulse2>
        </BiPhasicPulse>
        <Constant>
            <Base Version="3">
                <Core Version="1">
                    <ID>ad95e0cf-9da5-46ef-a603-b81146e31c65</ID>
                    <PrimitiveType>Constant</PrimitiveType>
                </Core>
                <Tick>20</Tick>
                <Range>12000000</Range>
                <Resolution>571</Resolution>
                <Cycles>1</Cycles>
                <ISI>0</ISI>
                <MarkerSignal>False</MarkerSignal>
                <MarkerSignalRepeat>False</MarkerSignalRepeat>
                <MarkerSignalOffset>0</MarkerSignalOffset>
                <MarkerSignalDuration>100</MarkerSignalDuration>
            </Base>
            <Amplitude>0</Amplitude>
            <Duration>60000000</Duration>
        </Constant>
        <Loop>
            <Core Version="1">
                <ID>86746ea0-825c-4abc-8032-0880bfc66b2e</ID>
                <PrimitiveType>Loop</PrimitiveType>
            </Core>
            <CounterPartID>a9e62ba3-4464-4b84-a21d-4b17aafad16d</CounterPartID>
            <ElementType>End</ElementType>
            <Cycles>240</Cycles>
        </Loop>
    </Primitives>
</SettingsStimulator>