﻿<?xml version="1.0" encoding="utf-8"?>
<SettingsStimulator Version="6">
    <StimulusID>1</StimulusID>
    <StimulatorProtocol>Step</StimulatorProtocol>
    <OutputMode>Voltage</OutputMode>
    <OutputRestriction>None</OutputRestriction>
    <Tick>20</Tick>
    <Range>12000000</Range>
    <Resolution>571</Resolution>
    <AmplitudeFactor>0</AmplitudeFactor>
    <Offset>0</Offset>
    <Loop>False</Loop>
    <MarkerPortID>-1</MarkerPortID>
    <ArtefactSuppression>DedicatedAndBlanking</ArtefactSuppression>
    <StartMode>DacqStart</StartMode>
    <TriggerPortID>0</TriggerPortID>
    <FeedbackPortID>0</FeedbackPortID>
    <RetriggerAction>Gate</RetriggerAction>
    <ExternalStimulationElectrodeEnabled>false</ExternalStimulationElectrodeEnabled>
    <Primitives Count="10">
        <Loop>
            <Core Version="1">
                <ID>f00a20a9-e33f-440d-8df0-b13037e4447b</ID>
                <PrimitiveType>Loop</PrimitiveType>
            </Core>
            <CounterPartID>d025ade2-d939-44e4-abec-2e2bb4d059c9</CounterPartID>
            <ElementType>Start</ElementType>
            <Cycles>30</Cycles>
        </Loop>
        <BiPhasicPulse>
            <Base Version="3">
                <Core Version="1">
                    <ID>c7382e0f-e8cf-4214-9a54-c225ccd056dc</ID>
                    <PrimitiveType>BiPhasicPulse</PrimitiveType>
                </Core>
                <Tick>20</Tick>
                <Range>12000000</Range>
                <Resolution>571</Resolution>
                <Cycles>1</Cycles>
                <ISI>0</ISI>
                <MarkerSignal>True</MarkerSignal>
                <MarkerSignalRepeat>True</MarkerSignalRepeat>
                <MarkerSignalOffset>0</MarkerSignalOffset>
                <MarkerSignalDuration>100</MarkerSignalDuration>
            </Base>
            <AmplitudePulse1>-1000000</AmplitudePulse1>
            <DurationPulse1>100</DurationPulse1>
            <DurationPause>0</DurationPause>
            <AmplitudePulse2>1000000</AmplitudePulse2>
            <DurationPulse2>100</DurationPulse2>
            <DeltaAmplitudePulse1>0</DeltaAmplitudePulse1>
            <DeltaDurationPulse1>0</DeltaDurationPulse1>
            <DeltaDurationPause>0</DeltaDurationPause>
            <DeltaAmplitudePulse2>0</DeltaAmplitudePulse2>
            <DeltaDurationPulse2>0</DeltaDurationPulse2>
        </BiPhasicPulse>
        <Constant>
            <Base Version="3">
                <Core Version="1">
                    <ID>05052e8d-4885-45c6-98d9-0dbf97a61538</ID>
                    <PrimitiveType>Constant</PrimitiveType>
                </Core>
                <Tick>20</Tick>
                <Range>12000000</Range>
                <Resolution>571</Resolution>
                <Cycles>1</Cycles>
                <ISI>0</ISI>
                <MarkerSignal>False</MarkerSignal>
                <MarkerSignalRepeat>False</MarkerSignalRepeat>
                <MarkerSignalOffset>0</MarkerSignalOffset>
                <MarkerSignalDuration>100</MarkerSignalDuration>
            </Base>
            <Amplitude>0</Amplitude>
            <Duration>60000000</Duration>
        </Constant>
        <Loop>
            <Core Version="1">
                <ID>d025ade2-d939-44e4-abec-2e2bb4d059c9</ID>
                <PrimitiveType>Loop</PrimitiveType>
            </Core>
            <CounterPartID>f00a20a9-e33f-440d-8df0-b13037e4447b</CounterPartID>
            <ElementType>End</ElementType>
            <Cycles>30</Cycles>
        </Loop>
        <BiPhasicPulse>
            <Base Version="3">
                <Core Version="1">
                    <ID>162ee6c3-8f98-4ef1-a7f4-e03fba67bca2</ID>
                    <PrimitiveType>BiPhasicPulse</PrimitiveType>
                </Core>
                <Tick>20</Tick>
                <Range>12000000</Range>
                <Resolution>571</Resolution>
                <Cycles>100</Cycles>
                <ISI>10000</ISI>
                <MarkerSignal>True</MarkerSignal>
                <MarkerSignalRepeat>False</MarkerSignalRepeat>
                <MarkerSignalOffset>0</MarkerSignalOffset>
                <MarkerSignalDuration>100</MarkerSignalDuration>
            </Base>
            <AmplitudePulse1>-1000000</AmplitudePulse1>
            <DurationPulse1>100</DurationPulse1>
            <DurationPause>0</DurationPause>
            <AmplitudePulse2>1000000</AmplitudePulse2>
            <DurationPulse2>100</DurationPulse2>
            <DeltaAmplitudePulse1>0</DeltaAmplitudePulse1>
            <DeltaDurationPulse1>0</DeltaDurationPulse1>
            <DeltaDurationPause>0</DeltaDurationPause>
            <DeltaAmplitudePulse2>0</DeltaAmplitudePulse2>
            <DeltaDurationPulse2>0</DeltaDurationPulse2>
        </BiPhasicPulse>
        <Constant>
            <Base Version="3">
                <Core Version="1">
                    <ID>c50db0b5-6633-4a18-b8f6-896b8c3c9a44</ID>
                    <PrimitiveType>Constant</PrimitiveType>
                </Core>
                <Tick>20</Tick>
                <Range>12000000</Range>
                <Resolution>571</Resolution>
                <Cycles>1</Cycles>
                <ISI>0</ISI>
                <MarkerSignal>False</MarkerSignal>
                <MarkerSignalRepeat>False</MarkerSignalRepeat>
                <MarkerSignalOffset>0</MarkerSignalOffset>
                <MarkerSignalDuration>100</MarkerSignalDuration>
            </Base>
            <Amplitude>0</Amplitude>
            <Duration>5000020</Duration>
        </Constant>
        <Loop>
            <Core Version="1">
                <ID>56c323af-f0cc-433c-adea-fabd8c0b7ff2</ID>
                <PrimitiveType>Loop</PrimitiveType>
            </Core>
            <CounterPartID>920b171b-e41e-45b0-825c-da9c28772b17</CounterPartID>
            <ElementType>Start</ElementType>
            <Cycles>240</Cycles>
        </Loop>
        <BiPhasicPulse>
            <Base Version="3">
                <Core Version="1">
                    <ID>a6b2e658-8e89-4c3a-be28-f25f7a440cc4</ID>
                    <PrimitiveType>BiPhasicPulse</PrimitiveType>
                </Core>
                <Tick>20</Tick>
                <Range>12000000</Range>
                <Resolution>571</Resolution>
                <Cycles>1</Cycles>
                <ISI>0</ISI>
                <MarkerSignal>True</MarkerSignal>
                <MarkerSignalRepeat>True</MarkerSignalRepeat>
                <MarkerSignalOffset>0</MarkerSignalOffset>
                <MarkerSignalDuration>100</MarkerSignalDuration>
            </Base>
            <AmplitudePulse1>-1000000</AmplitudePulse1>
            <DurationPulse1>100</DurationPulse1>
            <DurationPause>0</DurationPause>
            <AmplitudePulse2>1000000</AmplitudePulse2>
            <DurationPulse2>100</DurationPulse2>
            <DeltaAmplitudePulse1>0</DeltaAmplitudePulse1>
            <DeltaDurationPulse1>0</DeltaDurationPulse1>
            <DeltaDurationPause>0</DeltaDurationPause>
            <DeltaAmplitudePulse2>0</DeltaAmplitudePulse2>
            <DeltaDurationPulse2>0</DeltaDurationPulse2>
        </BiPhasicPulse>
        <Constant>
            <Base Version="3">
                <Core Version="1">
                    <ID>ea21e38f-4bbc-4247-bc7c-ec072b05843a</ID>
                    <PrimitiveType>Constant</PrimitiveType>
                </Core>
                <Tick>20</Tick>
                <Range>12000000</Range>
                <Resolution>571</Resolution>
                <Cycles>1</Cycles>
                <ISI>0</ISI>
                <MarkerSignal>False</MarkerSignal>
                <MarkerSignalRepeat>False</MarkerSignalRepeat>
                <MarkerSignalOffset>0</MarkerSignalOffset>
                <MarkerSignalDuration>100</MarkerSignalDuration>
            </Base>
            <Amplitude>0</Amplitude>
            <Duration>60000000</Duration>
        </Constant>
        <Loop>
            <Core Version="1">
                <ID>920b171b-e41e-45b0-825c-da9c28772b17</ID>
                <PrimitiveType>Loop</PrimitiveType>
            </Core>
            <CounterPartID>56c323af-f0cc-433c-adea-fabd8c0b7ff2</CounterPartID>
            <ElementType>End</ElementType>
            <Cycles>240</Cycles>
        </Loop>
    </Primitives>
</SettingsStimulator>