﻿<?xml version="1.0" encoding="utf-8"?>
<SettingsStimulator Version="6">
    <StimulusID>1</StimulusID>
    <StimulatorProtocol>Step</StimulatorProtocol>
    <OutputMode>Voltage</OutputMode>
    <OutputRestriction>None</OutputRestriction>
    <Tick>20</Tick>
    <Range>12000000</Range>
    <Resolution>571</Resolution>
    <AmplitudeFactor>0</AmplitudeFactor>
    <Offset>0</Offset>
    <Loop>False</Loop>
    <MarkerPortID>-1</MarkerPortID>
    <ArtefactSuppression>DedicatedAndBlanking</ArtefactSuppression>
    <StartMode>DacqStart</StartMode>
    <TriggerPortID>0</TriggerPortID>
    <FeedbackPortID>0</FeedbackPortID>
    <RetriggerAction>Gate</RetriggerAction>
    <ExternalStimulationElectrodeEnabled>false</ExternalStimulationElectrodeEnabled>
    <Primitives Count="10">
        <Constant>
            <Base Version="3">
                <Core Version="1">
                    <ID>87d437af-c7d6-4e06-8ae3-f1faed90161d</ID>
                    <PrimitiveType>Constant</PrimitiveType>
                </Core>
                <Tick>20</Tick>
                <Range>12000000</Range>
                <Resolution>571</Resolution>
                <Cycles>1</Cycles>
                <ISI>0</ISI>
                <MarkerSignal>False</MarkerSignal>
                <MarkerSignalRepeat>False</MarkerSignalRepeat>
                <MarkerSignalOffset>0</MarkerSignalOffset>
                <MarkerSignalDuration>100</MarkerSignalDuration>
            </Base>
            <Amplitude>0</Amplitude>
            <Duration>30000000</Duration>
        </Constant>
        <Loop>
            <Core Version="1">
                <ID>6a7fe4e6-48f3-4e66-9969-b22322bbe727</ID>
                <PrimitiveType>Loop</PrimitiveType>
            </Core>
            <CounterPartID>ec200b83-07ec-4add-9e2a-f1b5a46fa290</CounterPartID>
            <ElementType>Start</ElementType>
            <Cycles>30</Cycles>
        </Loop>
        <BiPhasicPulse>
            <Base Version="3">
                <Core Version="1">
                    <ID>a3bf6bc3-2021-42b3-9e36-be8a167b6d6f</ID>
                    <PrimitiveType>BiPhasicPulse</PrimitiveType>
                </Core>
                <Tick>20</Tick>
                <Range>12000000</Range>
                <Resolution>571</Resolution>
                <Cycles>1</Cycles>
                <ISI>0</ISI>
                <MarkerSignal>True</MarkerSignal>
                <MarkerSignalRepeat>True</MarkerSignalRepeat>
                <MarkerSignalOffset>0</MarkerSignalOffset>
                <MarkerSignalDuration>100</MarkerSignalDuration>
            </Base>
            <AmplitudePulse1>-1000000</AmplitudePulse1>
            <DurationPulse1>100</DurationPulse1>
            <DurationPause>0</DurationPause>
            <AmplitudePulse2>1000000</AmplitudePulse2>
            <DurationPulse2>100</DurationPulse2>
            <DeltaAmplitudePulse1>0</DeltaAmplitudePulse1>
            <DeltaDurationPulse1>0</DeltaDurationPulse1>
            <DeltaDurationPause>0</DeltaDurationPause>
            <DeltaAmplitudePulse2>0</DeltaAmplitudePulse2>
            <DeltaDurationPulse2>0</DeltaDurationPulse2>
        </BiPhasicPulse>
        <Constant>
            <Base Version="3">
                <Core Version="1">
                    <ID>53e5d8b6-2f1d-4b8e-823b-6638f2857692</ID>
                    <PrimitiveType>Constant</PrimitiveType>
                </Core>
                <Tick>20</Tick>
                <Range>12000000</Range>
                <Resolution>571</Resolution>
                <Cycles>1</Cycles>
                <ISI>0</ISI>
                <MarkerSignal>False</MarkerSignal>
                <MarkerSignalRepeat>False</MarkerSignalRepeat>
                <MarkerSignalOffset>0</MarkerSignalOffset>
                <MarkerSignalDuration>100</MarkerSignalDuration>
            </Base>
            <Amplitude>0</Amplitude>
            <Duration>60000000</Duration>
        </Constant>
        <Loop>
            <Core Version="1">
                <ID>ec200b83-07ec-4add-9e2a-f1b5a46fa290</ID>
                <PrimitiveType>Loop</PrimitiveType>
            </Core>
            <CounterPartID>6a7fe4e6-48f3-4e66-9969-b22322bbe727</CounterPartID>
            <ElementType>End</ElementType>
            <Cycles>30</Cycles>
        </Loop>
        <Constant>
            <Base Version="3">
                <Core Version="1">
                    <ID>be2482f6-11b9-4c95-a45e-ca11dc3afbfa</ID>
                    <PrimitiveType>Constant</PrimitiveType>
                </Core>
                <Tick>20</Tick>
                <Range>12000000</Range>
                <Resolution>571</Resolution>
                <Cycles>1</Cycles>
                <ISI>0</ISI>
                <MarkerSignal>False</MarkerSignal>
                <MarkerSignalRepeat>False</MarkerSignalRepeat>
                <MarkerSignalOffset>0</MarkerSignalOffset>
                <MarkerSignalDuration>100</MarkerSignalDuration>
            </Base>
            <Amplitude>0</Amplitude>
            <Duration>66010000</Duration>
        </Constant>
        <Loop>
            <Core Version="1">
                <ID>cbb6db70-6ab7-4af3-b431-9782466eeb7d</ID>
                <PrimitiveType>Loop</PrimitiveType>
            </Core>
            <CounterPartID>9a7c96a1-dd77-43fc-b1b9-82c3cfee3b53</CounterPartID>
            <ElementType>Start</ElementType>
            <Cycles>239</Cycles>
        </Loop>
        <BiPhasicPulse>
            <Base Version="3">
                <Core Version="1">
                    <ID>d016a612-2581-4acc-bdb9-baee0bd36a7f</ID>
                    <PrimitiveType>BiPhasicPulse</PrimitiveType>
                </Core>
                <Tick>20</Tick>
                <Range>12000000</Range>
                <Resolution>571</Resolution>
                <Cycles>1</Cycles>
                <ISI>0</ISI>
                <MarkerSignal>True</MarkerSignal>
                <MarkerSignalRepeat>True</MarkerSignalRepeat>
                <MarkerSignalOffset>0</MarkerSignalOffset>
                <MarkerSignalDuration>100</MarkerSignalDuration>
            </Base>
            <AmplitudePulse1>-1000000</AmplitudePulse1>
            <DurationPulse1>100</DurationPulse1>
            <DurationPause>0</DurationPause>
            <AmplitudePulse2>1000000</AmplitudePulse2>
            <DurationPulse2>100</DurationPulse2>
            <DeltaAmplitudePulse1>0</DeltaAmplitudePulse1>
            <DeltaDurationPulse1>0</DeltaDurationPulse1>
            <DeltaDurationPause>0</DeltaDurationPause>
            <DeltaAmplitudePulse2>0</DeltaAmplitudePulse2>
            <DeltaDurationPulse2>0</DeltaDurationPulse2>
        </BiPhasicPulse>
        <Constant>
            <Base Version="3">
                <Core Version="1">
                    <ID>2a458202-b176-4790-a7b0-1de64d82b38d</ID>
                    <PrimitiveType>Constant</PrimitiveType>
                </Core>
                <Tick>20</Tick>
                <Range>12000000</Range>
                <Resolution>571</Resolution>
                <Cycles>1</Cycles>
                <ISI>0</ISI>
                <MarkerSignal>False</MarkerSignal>
                <MarkerSignalRepeat>False</MarkerSignalRepeat>
                <MarkerSignalOffset>0</MarkerSignalOffset>
                <MarkerSignalDuration>100</MarkerSignalDuration>
            </Base>
            <Amplitude>0</Amplitude>
            <Duration>60000000</Duration>
        </Constant>
        <Loop>
            <Core Version="1">
                <ID>9a7c96a1-dd77-43fc-b1b9-82c3cfee3b53</ID>
                <PrimitiveType>Loop</PrimitiveType>
            </Core>
            <CounterPartID>cbb6db70-6ab7-4af3-b431-9782466eeb7d</CounterPartID>
            <ElementType>End</ElementType>
            <Cycles>239</Cycles>
        </Loop>
    </Primitives>
</SettingsStimulator>