﻿<?xml version="1.0" encoding="utf-8"?>
<SettingsStimulator Version="6">
    <StimulusID>1</StimulusID>
    <StimulatorProtocol>Step</StimulatorProtocol>
    <OutputMode>Voltage</OutputMode>
    <OutputRestriction>None</OutputRestriction>
    <Tick>20</Tick>
    <Range>12000000</Range>
    <Resolution>571</Resolution>
    <AmplitudeFactor>0</AmplitudeFactor>
    <Offset>0</Offset>
    <Loop>True</Loop>
    <MarkerPortID>-1</MarkerPortID>
    <ArtefactSuppression>DedicatedAndBlanking</ArtefactSuppression>
    <StartMode>DacqStart</StartMode>
    <TriggerPortID>0</TriggerPortID>
    <FeedbackPortID>0</FeedbackPortID>
    <RetriggerAction>Gate</RetriggerAction>
    <ExternalStimulationElectrodeEnabled>false</ExternalStimulationElectrodeEnabled>
    <Primitives Count="2">
        <BiPhasicPulse>
            <Base Version="3">
                <Core Version="1">
                    <ID>c7382e0f-e8cf-4214-9a54-c225ccd056dc</ID>
                    <PrimitiveType>BiPhasicPulse</PrimitiveType>
                </Core>
                <Tick>20</Tick>
                <Range>12000000</Range>
                <Resolution>571</Resolution>
                <Cycles>2</Cycles>
                <ISI>20000</ISI>
                <MarkerSignal>True</MarkerSignal>
                <MarkerSignalRepeat>False</MarkerSignalRepeat>
                <MarkerSignalOffset>0</MarkerSignalOffset>
                <MarkerSignalDuration>100</MarkerSignalDuration>
            </Base>
            <AmplitudePulse1>-2000000</AmplitudePulse1>
            <DurationPulse1>100</DurationPulse1>
            <DurationPause>0</DurationPause>
            <AmplitudePulse2>2000000</AmplitudePulse2>
            <DurationPulse2>100</DurationPulse2>
            <DeltaAmplitudePulse1>0</DeltaAmplitudePulse1>
            <DeltaDurationPulse1>0</DeltaDurationPulse1>
            <DeltaDurationPause>0</DeltaDurationPause>
            <DeltaAmplitudePulse2>0</DeltaAmplitudePulse2>
            <DeltaDurationPulse2>0</DeltaDurationPulse2>
        </BiPhasicPulse>
        <Constant>
            <Base Version="3">
                <Core Version="1">
                    <ID>0ae57661-0118-46ab-8037-7e0925ebdf50</ID>
                    <PrimitiveType>Constant</PrimitiveType>
                </Core>
                <Tick>20</Tick>
                <Range>12000000</Range>
                <Resolution>571</Resolution>
                <Cycles>1</Cycles>
                <ISI>0</ISI>
                <MarkerSignal>False</MarkerSignal>
                <MarkerSignalRepeat>False</MarkerSignalRepeat>
                <MarkerSignalOffset>0</MarkerSignalOffset>
                <MarkerSignalDuration>100</MarkerSignalDuration>
            </Base>
            <Amplitude>0</Amplitude>
            <Duration>10000000</Duration>
        </Constant>
    </Primitives>
</SettingsStimulator>